{
    "steel_patterns": {
        "monthly_totals": {
            "1": 126238.29,
            "2": 91497.34,
            "3": 80230.41,
            "4": 78769.8,
            "5": 79059.28,
            "6": 65404.64,
            "7": 81674.41,
            "8": 68559.43,
            "9": 57883.07,
            "10": 84665.65,
            "11": 86217.61,
            "12": 59436.78
        },
        "seasonal_multipliers": {
            "1": 1.578576000911845,
            "2": 1.1441497272441776,
            "3": 1.0032597856745185,
            "4": 0.9849952488791306,
            "5": 0.9886151187359224,
            "6": 0.8178675032137943,
            "7": 1.0213166188692386,
            "8": 0.8573173070880125,
            "9": 0.7238122851719585,
            "10": 1.0587212738037084,
            "11": 1.0781281178791087,
            "12": 0.7432410125285849
        },
        "weekday_weekend_ratio": 2.8659896545733434,
        "co2_per_kwh": 0.18536292385659514,
        "avg_power_factor": 0.8057805622146119,
        "peak_hours": [
            8,
            9,
            10,
            11,
            13,
            14,
            15,
            16,
            17,
            18,
            19,
            20
        ],
        "load_type_distribution": {
            "Light_Load": 51.57534246575343,
            "Medium_Load": 27.671232876712327,
            "Maximum_Load": 20.753424657534246
        }
    },
    "grid_factors": {
        "PSPCL": 0.624,
        "MSEDCL": 0.547,
        "Adani": 0.434,
        "Torrent": 0.404,
        "Tata_Power": 0.31,
        "Other": 0.82
    }
}